Price,close,log_return,realized_vol
Ticker,AAPL,,
Date,,,
2025-10-09,253.10504150390625,-0.015700315097684298,0.2164582690231228
2025-10-10,244.3673095703125,-0.03513212591703362,0.2551985505357932
2025-10-13,246.74851989746094,0.009697219450940967,0.251097293570397
2025-10-14,246.85812377929688,0.00044409403739335194,0.24927269760693102
2025-10-15,248.4223175048828,0.006316417107431709,0.24931533199969055
2025-10-16,246.53929138183594,-0.007608813184275025,0.25153591243576634
2025-10-17,251.36148071289062,0.019370687428605825,0.25763492162104873
2025-10-20,261.27484130859375,0.03868081981174429,0.26863731176672023
2025-10-21,261.8028564453125,0.002018879100866247,0.22803063886827643
2025-10-22,257.498779296875,-0.016576784710256885,0.23491581783139032
2025-10-23,258.6246032714844,0.004362622575275926,0.23282267215885727
2025-10-24,261.8527526855469,0.012404731049035656,0.22863150723420883
2025-10-27,267.8207092285156,0.02253542809537705,0.23884563429116693
2025-10-28,268.0099792480469,0.0007064546002063016,0.23779026621379204
2025-10-29,268.7074279785156,0.0025989435544846035,0.23769392254412974
2025-10-30,270.4011535644531,0.0062834509281645655,0.2380089592888999
2025-10-31,269.37493896484375,-0.0038023760230779242,0.2386994605395123
2025-11-03,268.05975341796875,-0.0048943181036962685,0.2399793247789756
2025-11-04,269.0461730957031,0.00367309589440336,0.2386054244238022
2025-11-05,269.14581298828125,0.00037027639315674913,0.23843798857438922
2025-11-06,268.7771301269531,-0.0013707648047970096,0.2384009888123817
2025-11-07,267.48193359375,-0.004830497568446612,0.23102682476036468
2025-11-10,268.6986083984375,0.004538310504190589,0.1857602688240891
2025-11-11,274.5028381347656,0.021371263592727837,0.19407568609619621
2025-11-12,272.7276306152344,-0.006487993078024382,0.19761357525242393
2025-11-13,272.2090759277344,-0.0019031745808056621,0.1988379194848921
2025-11-14,271.6705322265625,-0.001980378999716703,0.19549901093806665
2025-11-17,266.73394775390625,-0.01833834227270729,0.20314678772534514
2025-11-18,266.7140197753906,-7.471386053713637e-05,0.15580730799605189
2025-11-19,267.8309631347656,0.004179049549248278,0.15616786957280152
2025-11-20,265.5272521972656,-0.008638566717187423,0.14700906926692525
2025-11-21,270.7530212402344,0.019489564375701696,0.15957212791702907
2025-11-24,275.1710205078125,0.016185752526218143,0.16312211172890742
2025-11-25,276.2181396484375,0.0037981174643085826,0.14593341456530085
2025-11-26,276.79656982421875,0.0020919168217879975,0.14592097914807414
2025-11-28,278.093017578125,0.004672821917592354,0.14628769113599158
2025-12-01,282.33148193359375,0.015126195135541053,0.15288653389722148
2025-12-02,285.4131164550781,0.010855813667109464,0.15423570155637345
2025-12-03,283.378662109375,-0.007153630197795877,0.15583760266497135
2025-12-04,279.93804931640625,-0.01221570568772077,0.1640235178145579
2025-12-05,278.02325439453125,-0.006863567154456715,0.16675925878007608
2025-12-08,277.1356506347656,-0.0031976592937218978,0.16728105188936337
2025-12-09,276.4275817871094,-0.002558223495884468,0.16638751021600812
2025-12-10,278.02325439453125,0.0057558827896064466,0.16671465551335232
2025-12-11,277.2752380371094,-0.0026941071155614647,0.15089104228513284
2025-12-12,277.52459716796875,0.0008989157235724109,0.14874839634326387
2025-12-15,273.3658752441406,-0.015098467426605677,0.15850680685348603
2025-12-16,273.8645324707031,0.0018224768125210816,0.1583944846746291
2025-12-17,271.10205078125,-0.010138255944275731,0.14841524759235278
2025-12-18,271.45111083984375,0.0012867314447554776,0.14839213947978294
2025-12-19,272.9271240234375,0.005422761991855577,0.1488068952061001
2025-12-22,270.2344665527344,-0.009914837778063429,0.14989909835281945
2025-12-23,271.62066650390625,0.005116507681384403,0.1348803214467506
2025-12-24,273.0667419433594,0.005309756805540677,0.12336042074593448
2025-12-26,272.6578063964844,-0.0014986887603295313,0.12246919172663195
2025-12-29,273.0168762207031,0.0013160584043321359,0.12228224490442388
2025-12-30,272.33868408203125,-0.0024871571416660047,0.12085890089352697
2025-12-31,271.12200927734375,-0.004477515493673457,0.10608542489075222
2026-01-02,270.2743225097656,-0.0031314857915479256,0.09536978484392444
2026-01-05,266.5345153808594,-0.013933703661721203,0.10210712017154297
2026-01-06,261.6477966308594,-0.018504437116593858,0.11123797903775506
2026-01-07,259.623291015625,-0.007767612063599227,0.11165463876018691
2026-01-08,258.33685302734375,-0.004967334449379823,0.11181024770060924
2026-01-09,258.6659240722656,0.001272995441946236,0.11293192917406439
2026-01-12,259.54351806640625,0.0033870275674454044,0.11085385384931926
2026-01-13,260.3413391113281,0.0030692245031010584,0.11301138211788221
2026-01-14,259.25433349609375,-0.0041840502464702,0.1121699249493489
2026-01-15,257.5090637207031,-0.006754644080745645,0.1045213499795366
2026-01-16,254.8363494873047,-0.010433345978110178,0.10623311859336754
2026-01-20,246.0303192138672,-0.035166795246858014,0.15177013894760666
2026-01-21,246.97775268554688,0.0038434852977142693,0.15327509211077295
2026-01-22,247.67584228515625,0.0028225411486548003,0.15140754153462208
2026-01-23,247.36668395996094,-0.0012490174035430512,0.15056489280586222
2026-01-26,254.7166748046875,0.02928006203750807,0.18803101991242613
2026-01-27,257.5688781738281,0.011135324133899676,0.1923319786994129
2026-01-28,255.74388122558594,-0.007110692670052024,0.19284187407898218
2026-01-29,257.5788879394531,0.0071495543958896,0.1955456736772097
2026-01-30,258.775634765625,0.004635377115508532,0.19722566885601472
2026-02-02,269.2770690917969,0.03977943491276717,0.24519681163559426
2026-02-03,268.7485046386719,-0.0019648308518361605,0.24506183692552538
2026-02-04,275.73944091796875,0.02568034988064631,0.25543307064137216
2026-02-05,275.1610107421875,-0.002099945231847626,0.24526997967942238
2026-02-06,277.3650207519531,0.00797798320525043,0.24310257500379298
2026-02-09,274.13079833984375,-0.011729044456386685,0.24704307483801322
2026-02-10,273.19244384765625,-0.003428889326211829,0.2479507145449968
2026-02-11,275.00921630859375,0.006628141591757578,0.2483339362617244
2026-02-12,261.2637634277344,-0.051274126086131494,0.310933224748956
2026-02-13,255.32435607910156,-0.022995763373036465,0.3209195367455041
2026-02-17,263.4099426269531,0.031176814356459727,0.3383690170505749
2026-02-18,263.8791198730469,0.001779583167113982,0.3357683542870297
2026-02-19,260.11578369140625,-0.014364265239645745,0.31405033283302936
2026-02-20,264.1086730957031,0.015233805180443597,0.3170595460858634
2026-02-23,265.705810546875,0.006029062392291268,0.3172068193918721
2026-02-24,271.6552429199219,0.022144051735165694,0.32323076162473174
2026-02-25,273.74151611328125,0.007650516196371946,0.3107469835665442
2026-02-26,272.4637756347656,-0.0046786174669959345,0.3106349049125212
2026-02-27,263.70941162109375,-0.032657888456674666,0.332606693877092
2026-03-02,264.2484130859375,0.002041836021296492,0.3319759319170173
2026-03-03,263.2801818847656,-0.003670823904680181,0.33214526759006796
2026-03-04,262.0523376464844,-0.004674549655599,0.30065332291724467
2026-03-05,259.8263244628906,-0.008530820840249429,0.30169618302770596
2026-03-06,257.0013427734375,-0.010932115299618045,0.28623300483890335
2026-03-09,259.41705322265625,0.009355701068531801,0.28959511070853416
2026-03-10,260.3653564453125,0.0036488509698246866,0.2879475468298785
2026-03-11,260.34539794921875,-7.665866677458683e-05,0.28632744280437433
2026-03-12,255.3043975830078,-0.019552653794765996,0.2924004568657106
2026-03-13,249.6744384765625,-0.022298726148557768,0.29724880225325384
2026-03-16,252.36964416503906,0.01073703156524414,0.24812931723180093
2026-03-17,253.77711486816406,0.005561526596100645,0.23662744361542298
2026-03-18,249.49476623535156,-0.017018443311607647,0.2136574942625813
2026-03-19,248.5165252685547,-0.003928594558615539,0.21310273179514566
2026-03-20,247.54823303222656,-0.003903899440107385,0.20902699608574324
2026-03-23,251.04200744628906,0.01401484151217423,0.20777325991416418
2026-03-24,251.1917266845703,0.0005962134063950415,0.2058341427798874
2026-03-25,252.16998291015625,0.0038868965936841777,0.18694614421784642
2026-03-26,252.43951416015625,0.0010682766662048293,0.18333537388294197
2026-03-27,248.35679626464844,-0.016305265287713342,0.1883467962456498
2026-03-30,246.19065856933594,-0.008760136268299015,0.1591133163816215
2026-03-31,253.33790588378906,0.028617923407992185,0.19326721955872414
2026-04-01,255.1746368408203,0.00722396712094499,0.19575498960799545
2026-04-02,255.464111328125,0.0011337741969299291,0.19559805397199234
2026-04-06,258.39886474609375,0.011422443192802206,0.1983844060144887
2026-04-07,253.0484161376953,-0.020923539949167975,0.2079442091496438
2026-04-08,258.4388122558594,0.021078124305621625,0.21879566217054205
2026-04-09,260.0259704589844,0.006122549550145178,0.21950773578800764
2026-04-10,260.0159912109375,-3.837862627880075e-05,0.21950774387808747
2026-04-13,258.73828125,-0.00492608008275582,0.20872519125739825
2026-04-14,258.3689270019531,-0.0014285405616683605,0.1916529108480794
2026-04-15,265.95538330078125,0.02894004962395038,0.21185977238322073
2026-04-16,262.9307861328125,-0.011437735816536928,0.21688570455482212
2026-04-17,269.7486267089844,0.02559968620376182,0.22078377266572863
2026-04-20,272.5635681152344,0.01038135123703852,0.22010398028588732
2026-04-21,265.69586181640625,-0.025519586387523795,0.24202253244122568
2026-04-22,272.68341064453125,0.025959176283094874,0.25197482359226653
2026-04-23,272.9429016113281,0.0009511674218491973,0.2519185082361608
2026-04-24,270.5771179199219,-0.008705470074050698,0.2557092570148522
2026-04-27,267.1332702636719,-0.012809478192957056,0.26172126381276434
2026-04-28,270.2277526855469,0.011517458457321562,0.2539019409036803
2026-04-29,269.688720703125,-0.001996724264136533,0.25067323855124996
2026-04-30,270.86663818359375,0.004358182101151443,0.2346442813920538
2026-05-01,279.6409912109375,0.03188001650371888,0.25468022040594446
2026-05-04,276.3368225097656,-0.011886113152468937,0.2606812774332104
2026-05-05,283.67376708984375,0.026204377379577717,0.27099551184880993
2026-05-06,286.99786376953125,0.011649901959169793,0.2556327250919485
2026-05-07,286.927978515625,-0.00024353409135020537,0.2503980235875886
2026-05-08,292.7974853515625,0.020249955441262655,0.2559317567625705
2026-05-11,292.42779541015625,-0.001263410870084823,0.25630987197400584
2026-05-12,294.54595947265625,0.007217267345543894,0.25346596846637126
2026-05-13,298.6124572753906,0.013711552929013165,0.2531713262783146
2026-05-14,297.9530334472656,-0.002210734971933149,0.24173009404531295
2026-05-15,299.9713134765625,0.006750980136725528,0.23384010577606196
2026-05-18,297.5833435058594,-0.007992516349121775,0.22773773125727137
2026-05-19,298.7123718261719,0.003786811276571553,0.22680004981991622
2026-05-20,301.98956298828125,0.010911313869409937,0.19982847735128118
2026-05-21,304.7271728515625,0.009024403912911677,0.1868063569817101
2026-05-22,308.55389404296875,0.012479664098423927,0.1876986074233434
2026-05-26,308.0643005371094,-0.0015879959853538459,0.18229053729615158
2026-05-27,310.5821533203125,0.008139921177528297,0.16873668791544594
2026-05-28,312.24072265625,0.0053259869555545925,0.1680914654618425
2026-05-29,311.7911071777344,-0.0014410019964428765,0.16773227391610301
2026-06-01,306.0460510253906,-0.018597851122449393,0.1895595862013133
2026-06-02,314.92840576171875,0.028609745520348374,0.18415512376380677
2026-06-03,309.9926452636719,-0.015796757454885936,0.18927669147583445
2026-06-04,310.9618225097656,0.003121575198772482,0.17366679008615474
2026-06-05,307.0751647949219,-0.012577593355441377,0.18100105340406442
2026-06-08,301.2801818847656,-0.019051885469787897,0.19659092825632235
2026-06-09,290.29962158203125,-0.03712710112671881,0.22854915162736697
2026-06-10,291.3287353515625,0.003538736828077959,0.22892776858825892
2026-06-11,295.375244140625,0.013794257734621061,0.2327077878160674
2026-06-12,290.879150390625,-0.01533867189083751,0.23310974710602386
2026-06-15,296.1645812988281,0.01800742754428881,0.24239570385133505
2026-06-16,298.9821472167969,0.009468545598219242,0.2435698209661957
2026-06-17,295.6949768066406,-0.011055424053765445,0.245037954220204
2026-06-18,297.7532043457031,0.0069365307945603305,0.24594161715793894
2026-06-22,296.75408935546875,-0.0033611561756575186,0.24280075224846645
2026-06-23,294.04638671875,-0.009166281020203648,0.24167007842936275
2026-06-24,292.8274230957031,-0.004154097032731816,0.2361806991960917
2026-06-25,274.91290283203125,-0.06312910528852322,0.3159564129673907
2026-06-26,283.53546142578125,0.0308828692129702,0.3373540892546774
2026-06-29,281.4972229003906,-0.007214617571347412,0.3356199321602215
2026-06-30,289.11065673828125,0.026686927946559438,0.3530043939675648
2026-07-01,294.1263427734375,0.017199902237751946,0.3556078903492073
2026-07-02,308.3640441894531,0.04727163430823289,0.38076289588592044
2026-07-06,312.3905944824219,0.01297326356082142,0.37972023296815616
2026-07-07,310.3923034667969,-0.006417317752291537,0.38028565783629686
2026-07-08,313.1199645996094,0.008749398121391793,0.3786323798296093
2026-07-09,315.947509765625,0.008989700861949937,0.37239697072672767
2026-07-10,315.0483093261719,-0.0028501014457968927,0.3446063672079962
2026-07-13,317.03656005859375,0.006291108635278855,0.34470231657427947
2026-07-14,314.58868408203125,-0.007751077889289723,0.3450898273658563
2026-07-15,327.2178039550781,0.039359995560940185,0.36015399387024005
2026-07-16,332.97283935546875,0.017434906842973087,0.35991096869354317
2026-07-17,333.452392578125,0.0014391811187502526,0.3598922256121427
2026-07-20,326.3085632324219,-0.021656657586981348,0.3677127092174802
2026-07-21,327.45758056640625,0.0035150750095092813,0.36764047394812943
2026-07-22,325.60919189453125,-0.005660657333930309,0.36834785487337424
2026-07-23,321.3828430175781,-0.01306479450939142,0.37040133968052197
2026-07-24,332.7330322265625,0.03470739356294198,0.3835440720603575
2026-07-27,336.61968994140625,0.01161331318603087,0.2894483149813303
2026-07-28,339.78692626953125,0.00936495711319729,0.2789608095690171
2026-07-29,337.8985900878906,-0.0055729125775482845,0.27784250570418917
2026-07-30,333.1426696777344,-0.01417498544145801,0.28054864513418837
2026-07-31,308.6438293457031,-0.07638287945805575,0.39894586013742606
2026-08-03,303.1585693359375,-0.017931956478842527,0.36915055420509885
2026-08-04,309.1134033203125,0.01945221084485533,0.3728623819969547
2026-08-05,310.7320251464844,0.005222674657279986,0.3727159227309828
2026-08-06,312.14080810546875,0.004523508767764461,0.3717596796911689
2026-08-07,313.05999755859375,0.002940463630559811,0.3704743530574855
2026-08-10,308.260009765625,-0.015451243263146633,0.3740627286418828
2026-08-11,304.9100036621094,-0.010926951292996926,0.3745673803716328
2026-08-12,302.25,-0.00876217361050629,0.374784157700823
2026-08-13,305.260009765625,0.009909414983244762,0.3467650023649466
2026-08-14,305.92999267578125,0.0021923891943256765,0.33921453209030716
2026-08-17,305.5899963378906,-0.0011119714123237288,0.33881080625955434
2026-08-18,310.0299987792969,0.014424740792900279,0.33838114627994786
2026-08-19,316.8299865722656,0.021696246991930904,0.34813135290602987
2026-08-20,311.29998779296875,-0.017608271810496567,0.35233459470592043
2026-08-21,309.3500061035156,-0.00628369652735619,0.35046341300729783
2026-08-24,310.3399963378906,0.0031951171478967837,0.32517137092231313
2026-08-25,309.8999938964844,-0.0014188137564350974,0.3207350365082789
2026-08-26,313.45001220703125,0.01139025156549776,0.32186821677384553
2026-08-27,314.5799865722656,0.0035984764637677197,0.3228133204989228
2026-08-28,319.70001220703125,0.016144721120709464,0.32712545867766857
2026-08-31,316.8500061035156,-0.008954599215930675,0.187385632945209
2026-09-01,325.1300048828125,0.025796622336462183,0.19215197848283472
2026-09-02,324.9599914550781,-0.0005230458323249564,0.18329186968358718
2026-09-03,328.2099914550781,0.009951549846201446,0.18494034939665197
2026-09-04,319.9700012207031,-0.025426376168950823,0.20861339318662084
2026-09-08,316.2200012207031,-0.011789067471725085,0.21323572458785614
2026-09-09,315.3399963378906,-0.002786767546169644,0.2056947392769224
